{"cameraMode":{"drawMode":0,"name":"Shaded","section":"Shading Mode"},"sceneLighting":false,"audioPlay":false,"sceneViewState":{"showFog":true,"showMaterialUpdate":false,"showSkybox":false,"showFlares":true,"showImageEffects":true,"showParticleSystems":true},"in2DMode":false,"pivot":{"x":3.5795602798461916,"y":0.7340402603149414,"z":-1.0186008214950562},"rotation":{"x":0.45032137632369997,"y":0.46592387557029726,"z":-0.2996286153793335,"w":0.7002496719360352},"size":6.153431415557861,"orthographic":false}