{"cameraMode":{"drawMode":0,"name":"Shaded","section":"Shading Mode"},"sceneLighting":false,"audioPlay":false,"sceneViewState":{"showFog":true,"showMaterialUpdate":false,"showSkybox":false,"showFlares":true,"showImageEffects":true,"showParticleSystems":true},"in2DMode":false,"pivot":{"x":-0.31127166748046877,"y":2.920804977416992,"z":0.4369068145751953},"rotation":{"x":0.5984712839126587,"y":0.14255905151367188,"z":-0.10927577316761017,"w":0.7807490229606628},"size":25.613475799560548,"orthographic":false}