{"cameraMode":{"drawMode":0,"name":"Shaded","section":"Shading Mode"},"sceneLighting":false,"audioPlay":false,"sceneViewState":{"showFog":true,"showMaterialUpdate":false,"showSkybox":false,"showFlares":true,"showImageEffects":true,"showParticleSystems":true},"in2DMode":false,"pivot":{"x":68.46427154541016,"y":14.300094604492188,"z":-75.16743469238281},"rotation":{"x":0.31603673100471499,"y":0.6800777912139893,"z":-0.4216514229774475,"w":0.509731113910675},"size":102.18851470947266,"orthographic":false}