{"cameraMode":{"drawMode":0,"name":"Shaded","section":"Shading Mode"},"sceneLighting":false,"audioPlay":false,"sceneViewState":{"showFog":true,"showMaterialUpdate":false,"showSkybox":false,"showFlares":true,"showImageEffects":true,"showParticleSystems":true},"in2DMode":false,"pivot":{"x":0.0,"y":1.917698860168457,"z":2.0249998569488527},"rotation":{"x":-0.004095736425369978,"y":0.9942982196807861,"z":-0.0981539934873581,"w":-0.041490066796541217},"size":4.425169944763184,"orthographic":false}