{"cameraMode":{"drawMode":0,"name":"Shaded","section":"Shading Mode"},"sceneLighting":false,"audioPlay":false,"sceneViewState":{"showFog":true,"showMaterialUpdate":false,"showSkybox":false,"showFlares":true,"showImageEffects":true,"showParticleSystems":true},"in2DMode":false,"pivot":{"x":0.018034934997558595,"y":0.894702672958374,"z":-0.3849666118621826},"rotation":{"x":0.3569737374782562,"y":-0.55014967918396,"z":0.2801501452922821,"w":0.7010155320167542},"size":2.6475307941436769,"orthographic":false}