{"cameraMode":{"drawMode":0,"name":"Shaded","section":"Shading Mode"},"sceneLighting":false,"audioPlay":false,"sceneViewState":{"showFog":true,"showMaterialUpdate":false,"showSkybox":false,"showFlares":true,"showImageEffects":true,"showParticleSystems":true},"in2DMode":false,"pivot":{"x":-0.02455541491508484,"y":0.026750802993774415,"z":0.23728203773498536},"rotation":{"x":0.5984712839126587,"y":0.14255905151367188,"z":-0.10927577316761017,"w":0.7807490229606628},"size":0.898321270942688,"orthographic":false}