{"cameraMode":{"drawMode":0,"name":"Shaded","section":"Shading Mode"},"sceneLighting":false,"audioPlay":false,"sceneViewState":{"showFog":true,"showMaterialUpdate":false,"showSkybox":false,"showFlares":true,"showImageEffects":true,"showParticleSystems":true},"in2DMode":false,"pivot":{"x":0.0,"y":-1.2100000381469727,"z":0.6200000047683716},"rotation":{"x":0.40993431210517886,"y":0.3341103196144104,"z":-0.16449469327926637,"w":0.8326267004013062},"size":1.5000174045562745,"orthographic":false}