{"cameraMode":{"drawMode":0,"name":"Shaded","section":"Shading Mode"},"sceneLighting":false,"audioPlay":false,"sceneViewState":{"showFog":true,"showMaterialUpdate":false,"showSkybox":false,"showFlares":true,"showImageEffects":true,"showParticleSystems":true},"in2DMode":false,"pivot":{"x":-3.3913300037384035,"y":0.6498905420303345,"z":2.756866216659546},"rotation":{"x":0.3482894003391266,"y":-0.6268289685249329,"z":0.36938631534576418,"w":0.5910589098930359},"size":0.7088722586631775,"orthographic":false}