{"cameraMode":{"drawMode":0,"name":"Shaded","section":"Shading Mode"},"sceneLighting":false,"audioPlay":false,"sceneViewState":{"showFog":true,"showMaterialUpdate":false,"showSkybox":false,"showFlares":true,"showImageEffects":true,"showParticleSystems":true},"in2DMode":false,"pivot":{"x":-4.449008464813232,"y":-0.20674896240234376,"z":4.087201118469238},"rotation":{"x":0.24136078357696534,"y":-0.7258565425872803,"z":0.5643842816352844,"w":0.3104080259799957},"size":8.317895889282227,"orthographic":false}