{"cameraMode":{"drawMode":0,"name":"Shaded","section":"Shading Mode"},"sceneLighting":false,"audioPlay":false,"sceneViewState":{"showFog":true,"showMaterialUpdate":false,"showSkybox":false,"showFlares":true,"showImageEffects":true,"showParticleSystems":true},"in2DMode":false,"pivot":{"x":-0.6715140342712402,"y":0.4710578918457031,"z":0.8177852630615234},"rotation":{"x":0.15075865387916566,"y":-0.8024294972419739,"z":0.2280465066432953,"w":0.5304519534111023},"size":3.3000171184539797,"orthographic":false}