{"cameraMode":{"drawMode":0,"name":"Shaded","section":"Shading Mode"},"sceneLighting":false,"audioPlay":false,"sceneViewState":{"showFog":true,"showMaterialUpdate":false,"showSkybox":false,"showFlares":true,"showImageEffects":true,"showParticleSystems":true},"in2DMode":false,"pivot":{"x":10.567000389099121,"y":1.0299999713897706,"z":-0.05300000309944153},"rotation":{"x":-0.1401721090078354,"y":-0.31656959652900698,"z":0.04735426604747772,"w":-0.9369655251502991},"size":0.6736099720001221,"orthographic":false}