{"cameraMode":{"drawMode":0,"name":"Shaded","section":"Shading Mode"},"sceneLighting":false,"audioPlay":false,"sceneViewState":{"showFog":true,"showMaterialUpdate":false,"showSkybox":false,"showFlares":true,"showImageEffects":true,"showParticleSystems":true},"in2DMode":false,"pivot":{"x":-0.015338301658630371,"y":1.0,"z":0.36776429414749148},"rotation":{"x":-0.11824893951416016,"y":0.6142526865005493,"z":-0.09377824515104294,"w":-0.7745429873466492},"size":0.3595126271247864,"orthographic":false}