{"cameraMode":{"drawMode":0,"name":"Shaded","section":"Shading Mode"},"sceneLighting":false,"audioPlay":false,"sceneViewState":{"showFog":true,"showMaterialUpdate":false,"showSkybox":false,"showFlares":true,"showImageEffects":true,"showParticleSystems":true},"in2DMode":false,"pivot":{"x":0.021625220775604249,"y":0.11537379026412964,"z":-0.002132892608642578},"rotation":{"x":0.15174107253551484,"y":-0.8214265704154968,"z":0.2562541365623474,"w":0.48638731241226199},"size":1.5634359121322632,"orthographic":false}