{"cameraMode":{"drawMode":0,"name":"Shaded","section":"Shading Mode"},"sceneLighting":false,"audioPlay":false,"sceneViewState":{"showFog":true,"showMaterialUpdate":false,"showSkybox":false,"showFlares":true,"showImageEffects":true,"showParticleSystems":true},"in2DMode":false,"pivot":{"x":-0.6111578941345215,"y":3.453561544418335,"z":-0.19938385486602784},"rotation":{"x":0.11966356635093689,"y":0.6265786290168762,"z":-0.09816033393144608,"w":0.7638354897499085},"size":2.265069007873535,"orthographic":false}