{"cameraMode":{"drawMode":0,"name":"Shaded","section":"Shading Mode"},"sceneLighting":false,"audioPlay":false,"sceneViewState":{"showFog":true,"showMaterialUpdate":false,"showSkybox":false,"showFlares":true,"showImageEffects":true,"showParticleSystems":true},"in2DMode":false,"pivot":{"x":11.044668197631836,"y":0.11374855041503906,"z":-47.568485260009769},"rotation":{"x":-0.20941008627414704,"y":0.7836519479751587,"z":-0.4681479334831238,"w":-0.35054245591163638},"size":3.3000175952911379,"orthographic":false}