{"cameraMode":{"drawMode":0,"name":"Shaded","section":"Shading Mode"},"sceneLighting":false,"audioPlay":false,"sceneViewState":{"showFog":true,"showMaterialUpdate":false,"showSkybox":false,"showFlares":true,"showImageEffects":true,"showParticleSystems":true},"in2DMode":false,"pivot":{"x":-12.110895156860352,"y":0.30631589889526369,"z":-4.114224910736084},"rotation":{"x":-0.4101865887641907,"y":0.5015494227409363,"z":-0.29252076148986819,"w":-0.7032985687255859},"size":2.1000170707702638,"orthographic":false}