{"cameraMode":{"drawMode":0,"name":"Shaded","section":"Shading Mode"},"sceneLighting":false,"audioPlay":false,"sceneViewState":{"showFog":true,"showMaterialUpdate":false,"showSkybox":false,"showFlares":true,"showImageEffects":true,"showParticleSystems":true},"in2DMode":false,"pivot":{"x":2.623898506164551,"y":-0.23319172859191895,"z":0.015233516693115235},"rotation":{"x":-0.2001224011182785,"y":-0.06256859749555588,"z":0.012842356227338314,"w":-0.977703332901001},"size":4.200016975402832,"orthographic":false}