{"cameraMode":{"drawMode":0,"name":"Shaded","section":"Shading Mode"},"sceneLighting":false,"audioPlay":false,"sceneViewState":{"showFog":true,"showMaterialUpdate":false,"showSkybox":false,"showFlares":true,"showImageEffects":true,"showParticleSystems":true},"in2DMode":false,"pivot":{"x":0.27764540910720827,"y":-0.22601830959320069,"z":0.21586251258850099},"rotation":{"x":0.3569737374782562,"y":-0.55014967918396,"z":0.2801501452922821,"w":0.7010155320167542},"size":1.3422768115997315,"orthographic":false}