{"cameraMode":{"drawMode":0,"name":"Shaded","section":"Shading Mode"},"sceneLighting":true,"audioPlay":false,"sceneViewState":{"showFog":true,"showMaterialUpdate":false,"showSkybox":true,"showFlares":true,"showImageEffects":true,"showParticleSystems":true},"in2DMode":false,"pivot":{"x":1.6122326850891114,"y":1.1122231483459473,"z":2.452155351638794},"rotation":{"x":0.04867645353078842,"y":-0.7210408449172974,"z":0.05091790109872818,"w":0.689302921295166},"size":1.2487847805023194,"orthographic":true}