{"cameraMode":{"drawMode":0,"name":"Shaded","section":"Shading Mode"},"sceneLighting":false,"audioPlay":false,"sceneViewState":{"showFog":true,"showMaterialUpdate":false,"showSkybox":false,"showFlares":true,"showImageEffects":true,"showParticleSystems":true},"in2DMode":false,"pivot":{"x":-0.01250004768371582,"y":3.724380803760141e-9,"z":-1.4906618162058294e-9},"rotation":{"x":-0.11224710196256638,"y":-0.7648496627807617,"z":0.6190091371536255,"w":-0.13869917392730714},"size":0.012510056607425213,"orthographic":false}