{"cameraMode":{"drawMode":0,"name":"Shaded","section":"Shading Mode"},"sceneLighting":false,"audioPlay":false,"sceneViewState":{"showFog":true,"showMaterialUpdate":false,"showSkybox":false,"showFlares":true,"showImageEffects":true,"showParticleSystems":true},"in2DMode":false,"pivot":{"x":-5.948954105377197,"y":0.693000078201294,"z":-7.062134265899658},"rotation":{"x":0.24136078357696534,"y":-0.7258565425872803,"z":0.5643842816352844,"w":0.3104080259799957},"size":1.8542460203170777,"orthographic":false}