{"cameraMode":{"drawMode":0,"name":"Shaded","section":"Shading Mode"},"sceneLighting":false,"audioPlay":false,"sceneViewState":{"showFog":true,"showMaterialUpdate":false,"showSkybox":false,"showFlares":true,"showImageEffects":true,"showParticleSystems":true},"in2DMode":false,"pivot":{"x":-3.5975112915039064,"y":1.472827434539795,"z":4.657388687133789},"rotation":{"x":0.4754144847393036,"y":0.15395911037921906,"z":-0.08489858359098435,"w":0.8620251417160034},"size":3.146110773086548,"orthographic":false}