{"cameraMode":{"drawMode":0,"name":"Shaded","section":"Shading Mode"},"sceneLighting":false,"audioPlay":false,"sceneViewState":{"showFog":true,"showMaterialUpdate":false,"showSkybox":false,"showFlares":true,"showImageEffects":true,"showParticleSystems":true},"in2DMode":false,"pivot":{"x":1.0975546836853028,"y":-0.2030963897705078,"z":-2.46002197265625},"rotation":{"x":0.4970129430294037,"y":0.48261651396751406,"z":-0.3995386064052582,"w":0.6003580093383789},"size":6.062177658081055,"orthographic":false}