{"cameraMode":{"drawMode":0,"name":"Shaded","section":"Shading Mode"},"sceneLighting":false,"audioPlay":false,"sceneViewState":{"showFog":true,"showMaterialUpdate":false,"showSkybox":false,"showFlares":true,"showImageEffects":true,"showParticleSystems":true},"in2DMode":false,"pivot":{"x":1.6806681156158448,"y":-0.04192352294921875,"z":-2.379312753677368},"rotation":{"x":0.4585381746292114,"y":0.5250921249389648,"z":-0.40878918766975405,"w":0.5889935493469238},"size":5.533902168273926,"orthographic":false}