{"cameraMode":{"drawMode":0,"name":"Shaded","section":"Shading Mode"},"sceneLighting":false,"audioPlay":false,"sceneViewState":{"showFog":true,"showMaterialUpdate":false,"showSkybox":false,"showFlares":true,"showImageEffects":true,"showParticleSystems":true},"in2DMode":false,"pivot":{"x":-0.1793689727783203,"y":1.7039555311203004,"z":0.14071989059448243},"rotation":{"x":0.3569737374782562,"y":-0.55014967918396,"z":0.2801501452922821,"w":0.7010155320167542},"size":7.831527233123779,"orthographic":false}