{"cameraMode":{"drawMode":0,"name":"Shaded","section":"Shading Mode"},"sceneLighting":false,"audioPlay":false,"sceneViewState":{"showFog":true,"showMaterialUpdate":false,"showSkybox":false,"showFlares":true,"showImageEffects":true,"showParticleSystems":true},"in2DMode":false,"pivot":{"x":-12.202192306518555,"y":0.8930721282958984,"z":-5.810013294219971},"rotation":{"x":-0.013788932003080845,"y":0.9006438851356506,"z":-0.43339505791664126,"w":-0.028656044974923135},"size":1.2000170946121216,"orthographic":false}