{"cameraMode":{"drawMode":0,"name":"Shaded","section":"Shading Mode"},"sceneLighting":false,"audioPlay":false,"sceneViewState":{"showFog":true,"showMaterialUpdate":false,"showSkybox":false,"showFlares":true,"showImageEffects":true,"showParticleSystems":true},"in2DMode":false,"pivot":{"x":-14.066252708435059,"y":-3.8513689041137697,"z":-1.7674256563186646},"rotation":{"x":-0.2806847095489502,"y":0.6115087866783142,"z":-0.24601873755455018,"w":-0.6976765990257263},"size":9.389972686767579,"orthographic":false}