{"cameraMode":{"drawMode":0,"name":"Shaded","section":"Shading Mode"},"sceneLighting":false,"audioPlay":false,"sceneViewState":{"showFog":true,"showMaterialUpdate":false,"showSkybox":false,"showFlares":true,"showImageEffects":true,"showParticleSystems":true},"in2DMode":false,"pivot":{"x":3.3084237575531008,"y":-0.2826147675514221,"z":5.09510612487793},"rotation":{"x":0.4785000681877136,"y":-0.44697558879852297,"z":0.31033962965011599,"w":0.6891705393791199},"size":1.0070918798446656,"orthographic":false}