{"cameraMode":{"drawMode":0,"name":"Shaded","section":"Shading Mode"},"sceneLighting":true,"audioPlay":false,"sceneViewState":{"showFog":true,"showMaterialUpdate":false,"showSkybox":true,"showFlares":true,"showImageEffects":true,"showParticleSystems":true},"in2DMode":false,"pivot":{"x":-4.346644401550293,"y":23.21953582763672,"z":-6.113096237182617},"rotation":{"x":-0.26341503858566286,"y":0.23910334706306458,"z":-0.06753484904766083,"w":-0.9321509599685669},"size":15.529693603515625,"orthographic":false}