{"cameraMode":{"drawMode":0,"name":"Shaded","section":"Shading Mode"},"sceneLighting":false,"audioPlay":false,"sceneViewState":{"showFog":true,"showMaterialUpdate":false,"showSkybox":false,"showFlares":true,"showImageEffects":true,"showParticleSystems":true},"in2DMode":false,"pivot":{"x":1.1489648818969727,"y":-0.3240877389907837,"z":-0.12106549739837647},"rotation":{"x":0.3606361746788025,"y":0.3702391982078552,"z":-0.15872055292129517,"w":0.841233491897583},"size":1.4576146602630616,"orthographic":false}