{"cameraMode":{"drawMode":0,"name":"Shaded","section":"Shading Mode"},"sceneLighting":false,"audioPlay":false,"sceneViewState":{"showFog":true,"showMaterialUpdate":false,"showSkybox":false,"showFlares":true,"showImageEffects":true,"showParticleSystems":true},"in2DMode":false,"pivot":{"x":17.476985931396486,"y":4.134339332580566,"z":8.339818000793457},"rotation":{"x":-0.09272679686546326,"y":0.3663841187953949,"z":-0.03672027215361595,"w":-0.925106406211853},"size":15.213141441345215,"orthographic":false}