{"cameraMode":{"drawMode":0,"name":"Shaded","section":"Shading Mode"},"sceneLighting":false,"audioPlay":false,"sceneViewState":{"showFog":true,"showMaterialUpdate":false,"showSkybox":false,"showFlares":true,"showImageEffects":true,"showParticleSystems":true},"in2DMode":false,"pivot":{"x":3.5208094120025636,"y":1.1765937805175782,"z":-3.0070464611053469},"rotation":{"x":0.46970072388648989,"y":0.49130213260650637,"z":-0.36161208152770998,"w":0.6381545066833496},"size":9.002530097961426,"orthographic":false}