{"cameraMode":{"drawMode":0,"name":"Shaded","section":"Shading Mode"},"sceneLighting":false,"audioPlay":false,"sceneViewState":{"showFog":true,"showMaterialUpdate":false,"showSkybox":false,"showFlares":true,"showImageEffects":true,"showParticleSystems":true},"in2DMode":false,"pivot":{"x":-5.059532165527344,"y":0.9999980926513672,"z":-4.912115097045898},"rotation":{"x":-0.10561086237430573,"y":-0.8908480405807495,"z":0.2676977217197418,"w":-0.3515786826610565},"size":10.736044883728028,"orthographic":false}