{"cameraMode":{"drawMode":0,"name":"Shaded","section":"Shading Mode"},"sceneLighting":false,"audioPlay":false,"sceneViewState":{"showFog":true,"showMaterialUpdate":false,"showSkybox":false,"showFlares":true,"showImageEffects":true,"showParticleSystems":true},"in2DMode":false,"pivot":{"x":2.269012451171875,"y":1.0478458404541016,"z":-1.0973024368286133},"rotation":{"x":0.5984712839126587,"y":0.14255905151367188,"z":-0.10927577316761017,"w":0.7807490229606628},"size":9.4498872756958,"orthographic":false}