{"cameraMode":{"drawMode":0,"name":"Shaded","section":"Shading Mode"},"sceneLighting":true,"audioPlay":false,"sceneViewState":{"showFog":true,"showMaterialUpdate":false,"showSkybox":true,"showFlares":true,"showImageEffects":true,"showParticleSystems":true},"in2DMode":false,"pivot":{"x":-1.493157148361206,"y":-3.713447093963623,"z":2.09049654006958},"rotation":{"x":0.13005207479000092,"y":0.8318533301353455,"z":-0.49288690090179446,"w":0.21949519217014314},"size":10.0,"orthographic":false}