{"cameraMode":{"drawMode":0,"name":"Shaded","section":"Shading Mode"},"sceneLighting":false,"audioPlay":false,"sceneViewState":{"showFog":true,"showMaterialUpdate":false,"showSkybox":false,"showFlares":true,"showImageEffects":true,"showParticleSystems":true},"in2DMode":false,"pivot":{"x":10.581999778747559,"y":5.050000190734863,"z":-1.1799999475479127},"rotation":{"x":0.11872860044240952,"y":0.4939175248146057,"z":-0.06828876584768295,"w":0.8586574196815491},"size":0.6736099720001221,"orthographic":false}