{"cameraMode":{"drawMode":0,"name":"Shaded","section":"Shading Mode"},"sceneLighting":false,"audioPlay":false,"sceneViewState":{"showFog":true,"showMaterialUpdate":false,"showSkybox":false,"showFlares":true,"showImageEffects":true,"showParticleSystems":true},"in2DMode":false,"pivot":{"x":10.313923835754395,"y":0.2268105149269104,"z":-1.1671206951141358},"rotation":{"x":-0.00853764172643423,"y":-0.31635475158691409,"z":-0.0028472901321947576,"w":0.9485987424850464},"size":1.3141429424285889,"orthographic":false}