{"cameraMode":{"drawMode":0,"name":"Shaded","section":"Shading Mode"},"sceneLighting":false,"audioPlay":false,"sceneViewState":{"showFog":true,"showMaterialUpdate":false,"showSkybox":false,"showFlares":true,"showImageEffects":true,"showParticleSystems":true},"in2DMode":false,"pivot":{"x":0.03661361336708069,"y":-0.14493131637573243,"z":-1.1202017068862916},"rotation":{"x":0.5124170184135437,"y":0.47852662205696108,"z":-0.432569295167923,"w":0.5668564438819885},"size":2.476832628250122,"orthographic":false}