{"cameraMode":{"drawMode":0,"name":"Shaded","section":"Shading Mode"},"sceneLighting":false,"audioPlay":false,"sceneViewState":{"showFog":true,"showMaterialUpdate":false,"showSkybox":false,"showFlares":true,"showImageEffects":true,"showParticleSystems":true},"in2DMode":false,"pivot":{"x":12.31517505645752,"y":-0.6424765586853027,"z":0.003992784768342972},"rotation":{"x":0.5055150985717773,"y":0.48961806297302248,"z":-0.45067182183265688,"w":0.5492058396339417},"size":5.173610210418701,"orthographic":false}