{"cameraMode":{"drawMode":0,"name":"Shaded","section":"Shading Mode"},"sceneLighting":false,"audioPlay":false,"sceneViewState":{"showFog":true,"showMaterialUpdate":false,"showSkybox":false,"showFlares":true,"showImageEffects":true,"showParticleSystems":true},"in2DMode":false,"pivot":{"x":11.534724235534668,"y":1.34173583984375,"z":-6.345261573791504},"rotation":{"x":0.4665384888648987,"y":0.4746415317058563,"z":-0.3310290575027466,"w":0.6689380407333374},"size":24.612442016601564,"orthographic":false}