{"cameraMode":{"drawMode":0,"name":"Shaded","section":"Shading Mode"},"sceneLighting":false,"audioPlay":false,"sceneViewState":{"showFog":true,"showMaterialUpdate":false,"showSkybox":false,"showFlares":true,"showImageEffects":true,"showParticleSystems":true},"in2DMode":false,"pivot":{"x":2.7208759784698488,"y":-0.049031972885131839,"z":0.10425567626953125},"rotation":{"x":-0.2647044062614441,"y":-0.10045909136533737,"z":0.027772607281804086,"w":-0.9586979150772095},"size":2.868452787399292,"orthographic":false}