{"cameraMode":{"drawMode":0,"name":"Shaded","section":"Shading Mode"},"sceneLighting":true,"audioPlay":false,"sceneViewState":{"showFog":true,"showMaterialUpdate":false,"showSkybox":true,"showFlares":true,"showImageEffects":true,"showParticleSystems":true},"in2DMode":false,"pivot":{"x":0.9241400957107544,"y":-0.6847271919250488,"z":3.535759449005127},"rotation":{"x":-0.23019279539585114,"y":-0.042926009744405749,"z":0.010147606953978539,"w":-0.9721758961677551},"size":3.176647424697876,"orthographic":false}