{"cameraMode":{"drawMode":0,"name":"Shaded","section":"Shading Mode"},"sceneLighting":false,"audioPlay":false,"sceneViewState":{"showFog":true,"showMaterialUpdate":false,"showSkybox":false,"showFlares":true,"showImageEffects":true,"showParticleSystems":true},"in2DMode":false,"pivot":{"x":-3.535335063934326,"y":0.6410927176475525,"z":2.2341928482055666},"rotation":{"x":0.026363197714090349,"y":-0.9590569138526917,"z":0.26542699337005618,"w":0.0952889546751976},"size":3.708871841430664,"orthographic":false}