{"cameraMode":{"drawMode":0,"name":"Shaded","section":"Shading Mode"},"sceneLighting":false,"audioPlay":false,"sceneViewState":{"showFog":true,"showMaterialUpdate":false,"showSkybox":false,"showFlares":true,"showImageEffects":true,"showParticleSystems":true},"in2DMode":false,"pivot":{"x":10.585066795349121,"y":-1.493769884109497,"z":-0.642386794090271},"rotation":{"x":0.5270044803619385,"y":0.11022581160068512,"z":-0.06916746497154236,"w":0.8398423790931702},"size":6.1141438484191898,"orthographic":false}