{"cameraMode":{"drawMode":0,"name":"Shaded","section":"Shading Mode"},"sceneLighting":false,"audioPlay":false,"sceneViewState":{"showFog":true,"showMaterialUpdate":false,"showSkybox":false,"showFlares":true,"showImageEffects":true,"showParticleSystems":true},"in2DMode":false,"pivot":{"x":11.952692031860352,"y":1.828730821609497,"z":0.07763314247131348},"rotation":{"x":-0.16601580381393434,"y":-0.5059298872947693,"z":0.099921815097332,"w":-0.8405359983444214},"size":2.4736099243164064,"orthographic":false}