{"cameraMode":{"drawMode":0,"name":"Shaded","section":"Shading Mode"},"sceneLighting":false,"audioPlay":false,"sceneViewState":{"showFog":true,"showMaterialUpdate":false,"showSkybox":false,"showFlares":true,"showImageEffects":true,"showParticleSystems":true},"in2DMode":false,"pivot":{"x":-0.29459428787231448,"y":0.931423544883728,"z":1.0418777465820313},"rotation":{"x":-0.028958113864064218,"y":0.7234280109405518,"z":-0.030403299257159234,"w":-0.6891292929649353},"size":6.403319358825684,"orthographic":false}