{"cameraMode":{"drawMode":0,"name":"Shaded","section":"Shading Mode"},"sceneLighting":false,"audioPlay":false,"sceneViewState":{"showFog":true,"showMaterialUpdate":false,"showSkybox":false,"showFlares":true,"showImageEffects":true,"showParticleSystems":true},"in2DMode":false,"pivot":{"x":1.3675854206085206,"y":-0.14534568786621095,"z":-2.361462354660034},"rotation":{"x":0.49271222949028017,"y":0.48281538486480715,"z":-0.39003419876098635,"w":0.6099169850349426},"size":6.062177658081055,"orthographic":false}