{"cameraMode":{"drawMode":0,"name":"Shaded","section":"Shading Mode"},"sceneLighting":false,"audioPlay":false,"sceneViewState":{"showFog":true,"showMaterialUpdate":false,"showSkybox":false,"showFlares":true,"showImageEffects":true,"showParticleSystems":true},"in2DMode":false,"pivot":{"x":-0.9287704229354858,"y":-0.29964256286621096,"z":0.006030179560184479},"rotation":{"x":-0.37732136249542239,"y":0.6018804907798767,"z":-0.38578659296035769,"w":-0.588674008846283},"size":2.1213202476501467,"orthographic":false}