{"cameraMode":{"drawMode":0,"name":"Shaded","section":"Shading Mode"},"sceneLighting":false,"audioPlay":false,"sceneViewState":{"showFog":true,"showMaterialUpdate":false,"showSkybox":false,"showFlares":true,"showImageEffects":true,"showParticleSystems":true},"in2DMode":false,"pivot":{"x":7.280987739562988,"y":-4.0861968994140629,"z":-39.25400924682617},"rotation":{"x":0.46964797377586367,"y":0.5272191166877747,"z":-0.4596150815486908,"w":0.5387264490127564},"size":81.75312042236328,"orthographic":false}