{"cameraMode":{"drawMode":0,"name":"Shaded","section":"Shading Mode"},"sceneLighting":false,"audioPlay":false,"sceneViewState":{"showFog":true,"showMaterialUpdate":false,"showSkybox":false,"showFlares":true,"showImageEffects":true,"showParticleSystems":true},"in2DMode":false,"pivot":{"x":150.3759307861328,"y":-182.69749450683595,"z":27.65447998046875},"rotation":{"x":0.12452390789985657,"y":0.0630532056093216,"z":0.007931378670036793,"w":-0.9901816248893738},"size":128.07962036132813,"orthographic":false}