{"cameraMode":{"drawMode":0,"name":"Shaded","section":"Shading Mode"},"sceneLighting":false,"audioPlay":false,"sceneViewState":{"showFog":true,"showMaterialUpdate":false,"showSkybox":false,"showFlares":true,"showImageEffects":true,"showParticleSystems":true},"in2DMode":false,"pivot":{"x":-1.2278865575790406,"y":-0.04787087440490723,"z":0.6838707327842712},"rotation":{"x":-0.19888339936733247,"y":0.7232674956321716,"z":-0.6191573143005371,"w":-0.23232588171958924},"size":1.8000173568725587,"orthographic":false}