{"cameraMode":{"drawMode":0,"name":"Shaded","section":"Shading Mode"},"sceneLighting":false,"audioPlay":false,"sceneViewState":{"showFog":true,"showMaterialUpdate":false,"showSkybox":false,"showFlares":true,"showImageEffects":true,"showParticleSystems":true},"in2DMode":false,"pivot":{"x":1.5502800941467286,"y":1.4862489700317383,"z":-1.9971271753311158},"rotation":{"x":0.47878119349479678,"y":0.49438366293907168,"z":-0.384882390499115,"w":0.6149959564208984},"size":5.246999740600586,"orthographic":false}