{"cameraMode":{"drawMode":0,"name":"Shaded","section":"Shading Mode"},"sceneLighting":false,"audioPlay":false,"sceneViewState":{"showFog":true,"showMaterialUpdate":false,"showSkybox":false,"showFlares":true,"showImageEffects":true,"showParticleSystems":true},"in2DMode":false,"pivot":{"x":1.9917806386947632,"y":0.08581113815307617,"z":-0.6101298332214356},"rotation":{"x":0.30664169788360598,"y":0.23979468643665315,"z":-0.08013048768043518,"w":0.917633056640625},"size":3.6000170707702638,"orthographic":false}