{"cameraMode":{"drawMode":0,"name":"Shaded","section":"Shading Mode"},"sceneLighting":false,"audioPlay":false,"sceneViewState":{"showFog":true,"showMaterialUpdate":false,"showSkybox":false,"showFlares":true,"showImageEffects":true,"showParticleSystems":true},"in2DMode":false,"pivot":{"x":-0.17124515771865846,"y":0.05656147003173828,"z":-0.21454769372940064},"rotation":{"x":0.666556179523468,"y":0.33175233006477358,"z":-0.4420637786388397,"w":0.500224769115448},"size":1.5000174045562745,"orthographic":false}