{"cameraMode":{"drawMode":0,"name":"Shaded","section":"Shading Mode"},"sceneLighting":true,"audioPlay":false,"sceneViewState":{"showFog":true,"showMaterialUpdate":false,"showSkybox":true,"showFlares":true,"showImageEffects":true,"showParticleSystems":true},"in2DMode":false,"pivot":{"x":-3.6563334465026857,"y":-0.07842683792114258,"z":-1.4810372591018677},"rotation":{"x":0.09920370578765869,"y":-0.6939035058021545,"z":0.0974317118525505,"w":0.7065201997756958},"size":0.7228416204452515,"orthographic":false}