{"cameraMode":{"drawMode":0,"name":"Shaded","section":"Shading Mode"},"sceneLighting":false,"audioPlay":false,"sceneViewState":{"showFog":true,"showMaterialUpdate":false,"showSkybox":false,"showFlares":true,"showImageEffects":true,"showParticleSystems":true},"in2DMode":false,"pivot":{"x":0.0,"y":-0.1250000149011612,"z":1.4901161193847657e-8},"rotation":{"x":0.15174107253551484,"y":-0.8214265704154968,"z":0.2562541365623474,"w":0.48638731241226199},"size":0.1250000149011612,"orthographic":false}