{"cameraMode":{"drawMode":0,"name":"Shaded","section":"Shading Mode"},"sceneLighting":false,"audioPlay":false,"sceneViewState":{"showFog":true,"showMaterialUpdate":false,"showSkybox":false,"showFlares":true,"showImageEffects":true,"showParticleSystems":true},"in2DMode":false,"pivot":{"x":10.708184242248536,"y":2.072718620300293,"z":-0.9859873056411743},"rotation":{"x":-0.03774278238415718,"y":-0.9616420865058899,"z":0.17349649965763093,"w":-0.20914717018604279},"size":0.4097632169723511,"orthographic":false}