{"cameraMode":{"drawMode":0,"name":"Shaded","section":"Shading Mode"},"sceneLighting":false,"audioPlay":false,"sceneViewState":{"showFog":true,"showMaterialUpdate":false,"showSkybox":false,"showFlares":true,"showImageEffects":true,"showParticleSystems":true},"in2DMode":false,"pivot":{"x":0.0,"y":0.09999990463256836,"z":0.4972233772277832},"rotation":{"x":-0.06777609884738922,"y":0.9036350250244141,"z":-0.3931756913661957,"w":-0.1557699590921402},"size":11.518091201782227,"orthographic":false}