{"cameraMode":{"drawMode":0,"name":"Shaded","section":"Shading Mode"},"sceneLighting":false,"audioPlay":false,"sceneViewState":{"showFog":true,"showMaterialUpdate":false,"showSkybox":false,"showFlares":true,"showImageEffects":true,"showParticleSystems":true},"in2DMode":false,"pivot":{"x":3.312913417816162,"y":0.08188557624816895,"z":5.298732757568359},"rotation":{"x":0.1381690502166748,"y":0.11117231100797653,"z":-0.01560993678867817,"w":0.9840258359909058},"size":0.4062305688858032,"orthographic":false}