{"cameraMode":{"drawMode":0,"name":"Shaded","section":"Shading Mode"},"sceneLighting":false,"audioPlay":false,"sceneViewState":{"showFog":true,"showMaterialUpdate":false,"showSkybox":false,"showFlares":true,"showImageEffects":true,"showParticleSystems":true},"in2DMode":false,"pivot":{"x":-0.00001579915260663256,"y":-0.000004198132955934852,"z":0.000003827639375231229},"rotation":{"x":-0.0662219300866127,"y":0.899601936340332,"z":-0.4059508442878723,"w":-0.1467503309249878},"size":2.1000173091888429,"orthographic":false}