{"cameraMode":{"drawMode":0,"name":"Shaded","section":"Shading Mode"},"sceneLighting":false,"audioPlay":false,"sceneViewState":{"showFog":true,"showMaterialUpdate":false,"showSkybox":false,"showFlares":true,"showImageEffects":true,"showParticleSystems":true},"in2DMode":false,"pivot":{"x":-2.2485854625701906,"y":4.8737874031066898,"z":0.12916550040245057},"rotation":{"x":-0.056593965739011767,"y":0.9433111548423767,"z":-0.22425401210784913,"w":-0.2380591779947281},"size":0.30001741647720339,"orthographic":false}