{"cameraMode":{"drawMode":0,"name":"Shaded","section":"Shading Mode"},"sceneLighting":false,"audioPlay":false,"sceneViewState":{"showFog":true,"showMaterialUpdate":false,"showSkybox":false,"showFlares":true,"showImageEffects":true,"showParticleSystems":true},"in2DMode":false,"pivot":{"x":0.08891695737838745,"y":0.42954221367836,"z":0.03284035623073578},"rotation":{"x":0.3569737374782562,"y":-0.55014967918396,"z":0.2801501452922821,"w":0.7010155320167542},"size":0.9537830948829651,"orthographic":false}