{"cameraMode":{"drawMode":0,"name":"Shaded","section":"Shading Mode"},"sceneLighting":false,"audioPlay":false,"sceneViewState":{"showFog":true,"showMaterialUpdate":false,"showSkybox":false,"showFlares":true,"showImageEffects":true,"showParticleSystems":true},"in2DMode":false,"pivot":{"x":10.77541446685791,"y":1.5386459827423096,"z":0.6994271278381348},"rotation":{"x":0.18691423535346986,"y":0.0618445947766304,"z":-0.011791151016950608,"w":0.9803582429885864},"size":3.4185094833374025,"orthographic":false}