{"cameraMode":{"drawMode":0,"name":"Shaded","section":"Shading Mode"},"sceneLighting":false,"audioPlay":false,"sceneViewState":{"showFog":true,"showMaterialUpdate":false,"showSkybox":false,"showFlares":true,"showImageEffects":true,"showParticleSystems":true},"in2DMode":false,"pivot":{"x":0.007788658142089844,"y":1.9328880310058594,"z":0.06011086702346802},"rotation":{"x":0.3569737374782562,"y":-0.55014967918396,"z":0.2801501452922821,"w":0.7010155320167542},"size":3.593740463256836,"orthographic":false}