{"cameraMode":{"drawMode":0,"name":"Shaded","section":"Shading Mode"},"sceneLighting":true,"audioPlay":false,"sceneViewState":{"showFog":true,"showMaterialUpdate":false,"showSkybox":true,"showFlares":true,"showImageEffects":true,"showParticleSystems":true},"in2DMode":false,"pivot":{"x":4.799990653991699,"y":-2.330364227294922,"z":7.412039756774902},"rotation":{"x":0.39423978328704836,"y":0.5930089354515076,"z":-0.41041404008865359,"w":0.5696330070495606},"size":7.9114508628845219,"orthographic":false}