{"cameraMode":{"drawMode":0,"name":"Shaded","section":"Shading Mode"},"sceneLighting":false,"audioPlay":false,"sceneViewState":{"showFog":true,"showMaterialUpdate":false,"showSkybox":false,"showFlares":true,"showImageEffects":true,"showParticleSystems":true},"in2DMode":false,"pivot":{"x":-0.7524819374084473,"y":1.7338099479675294,"z":2.392367124557495},"rotation":{"x":0.11051115393638611,"y":0.5009446144104004,"z":-0.06467587500810623,"w":0.8559551239013672},"size":4.1602935791015629,"orthographic":false}