{"cameraMode":{"drawMode":0,"name":"Shaded","section":"Shading Mode"},"sceneLighting":true,"audioPlay":false,"sceneViewState":{"showFog":true,"showMaterialUpdate":false,"showSkybox":true,"showFlares":true,"showImageEffects":true,"showParticleSystems":true},"in2DMode":false,"pivot":{"x":-1.2393746376037598,"y":18.66192626953125,"z":35.71841049194336},"rotation":{"x":-0.09968630969524384,"y":-0.030753454193472863,"z":0.0031189091969281437,"w":-0.9945539236068726},"size":0.7058314681053162,"orthographic":false}