{"cameraMode":{"drawMode":0,"name":"Shaded","section":"Shading Mode"},"sceneLighting":false,"audioPlay":false,"sceneViewState":{"showFog":true,"showMaterialUpdate":false,"showSkybox":false,"showFlares":true,"showImageEffects":true,"showParticleSystems":true},"in2DMode":false,"pivot":{"x":3.363860607147217,"y":-0.19546374678611756,"z":5.381967067718506},"rotation":{"x":0.0662054568529129,"y":-0.9127587676048279,"z":0.16411146521568299,"w":0.36819860339164736},"size":0.21234756708145142,"orthographic":false}