{"cameraMode":{"drawMode":0,"name":"Shaded","section":"Shading Mode"},"sceneLighting":false,"audioPlay":false,"sceneViewState":{"showFog":true,"showMaterialUpdate":false,"showSkybox":false,"showFlares":true,"showImageEffects":true,"showParticleSystems":true},"in2DMode":false,"pivot":{"x":0.2665092945098877,"y":-0.03157973289489746,"z":0.08590054512023926},"rotation":{"x":0.3273855745792389,"y":0.46554523706436159,"z":-0.19054806232452393,"w":0.7998619675636292},"size":1.4655752182006837,"orthographic":false}