{"cameraMode":{"drawMode":0,"name":"Shaded","section":"Shading Mode"},"sceneLighting":false,"audioPlay":false,"sceneViewState":{"showFog":true,"showMaterialUpdate":false,"showSkybox":false,"showFlares":true,"showImageEffects":true,"showParticleSystems":true},"in2DMode":false,"pivot":{"x":-0.000032901763916015625,"y":0.7305867671966553,"z":0.13713055849075318},"rotation":{"x":0.36513611674308779,"y":0.36573928594589236,"z":-0.1587434858083725,"w":0.8412566184997559},"size":1.2164181470870972,"orthographic":false}