{"cameraMode":{"drawMode":0,"name":"Shaded","section":"Shading Mode"},"sceneLighting":false,"audioPlay":false,"sceneViewState":{"showFog":true,"showMaterialUpdate":false,"showSkybox":false,"showFlares":true,"showImageEffects":true,"showParticleSystems":true},"in2DMode":false,"pivot":{"x":32.32742691040039,"y":1.3679122924804688,"z":-13.921573638916016},"rotation":{"x":0.30435848236083987,"y":0.3139614760875702,"z":-0.10701285302639008,"w":0.8929411172866821},"size":41.94667434692383,"orthographic":false}