{"cameraMode":{"drawMode":0,"name":"Shaded","section":"Shading Mode"},"sceneLighting":false,"audioPlay":false,"sceneViewState":{"showFog":true,"showMaterialUpdate":false,"showSkybox":false,"showFlares":true,"showImageEffects":true,"showParticleSystems":true},"in2DMode":false,"pivot":{"x":-3.34346342086792,"y":0.9354439973831177,"z":2.692274570465088},"rotation":{"x":-0.4659578502178192,"y":-0.48578310012817385,"z":0.3464343547821045,"w":-0.6533731818199158},"size":0.7088723182678223,"orthographic":false}