{"cameraMode":{"drawMode":0,"name":"Shaded","section":"Shading Mode"},"sceneLighting":false,"audioPlay":false,"sceneViewState":{"showFog":true,"showMaterialUpdate":false,"showSkybox":false,"showFlares":true,"showImageEffects":true,"showParticleSystems":true},"in2DMode":false,"pivot":{"x":0.4981660842895508,"y":0.2274249792098999,"z":-4.503341197967529},"rotation":{"x":-0.06450072675943375,"y":-0.8000749945640564,"z":0.08747392147779465,"w":-0.5899767279624939},"size":4.200016975402832,"orthographic":false}