{"cameraMode":{"drawMode":0,"name":"Shaded","section":"Shading Mode"},"sceneLighting":false,"audioPlay":false,"sceneViewState":{"showFog":true,"showMaterialUpdate":false,"showSkybox":false,"showFlares":true,"showImageEffects":true,"showParticleSystems":true},"in2DMode":false,"pivot":{"x":0.00001063445506588323,"y":-0.0000019811413949355485,"z":0.00000986615941656055},"rotation":{"x":0.4806663691997528,"y":-0.23801051080226899,"z":0.13738472759723664,"w":0.8327292799949646},"size":0.000017320508050033823,"orthographic":false}