{"cameraMode":{"drawMode":0,"name":"Shaded","section":"Shading Mode"},"sceneLighting":false,"audioPlay":false,"sceneViewState":{"showFog":true,"showMaterialUpdate":false,"showSkybox":false,"showFlares":true,"showImageEffects":true,"showParticleSystems":true},"in2DMode":false,"pivot":{"x":0.054138123989105228,"y":0.8213098049163818,"z":-0.024379074573516847},"rotation":{"x":0.5984712839126587,"y":0.14255905151367188,"z":-0.10927577316761017,"w":0.7807490229606628},"size":2.075039863586426,"orthographic":false}