{"cameraMode":{"drawMode":0,"name":"Shaded","section":"Shading Mode"},"sceneLighting":false,"audioPlay":false,"sceneViewState":{"showFog":true,"showMaterialUpdate":false,"showSkybox":false,"showFlares":true,"showImageEffects":true,"showParticleSystems":true},"in2DMode":false,"pivot":{"x":4.721661567687988,"y":1.1208763122558594,"z":-1.8822886943817139},"rotation":{"x":0.48059937357902529,"y":0.4392142593860626,"z":-0.303392231464386,"w":0.6957511901855469},"size":6.5412678718566898,"orthographic":false}