{"cameraMode":{"drawMode":0,"name":"Shaded","section":"Shading Mode"},"sceneLighting":false,"audioPlay":false,"sceneViewState":{"showFog":true,"showMaterialUpdate":false,"showSkybox":false,"showFlares":true,"showImageEffects":true,"showParticleSystems":true},"in2DMode":false,"pivot":{"x":10.836023330688477,"y":-0.062448740005493167,"z":-45.08074188232422},"rotation":{"x":-0.3415318727493286,"y":0.642470121383667,"z":-0.3877406418323517,"w":-0.5659069418907166},"size":1.8000178337097169,"orthographic":false}