{"cameraMode":{"drawMode":0,"name":"Shaded","section":"Shading Mode"},"sceneLighting":false,"audioPlay":false,"sceneViewState":{"showFog":true,"showMaterialUpdate":false,"showSkybox":false,"showFlares":true,"showImageEffects":true,"showParticleSystems":true},"in2DMode":false,"pivot":{"x":0.14331531524658204,"y":0.6493077278137207,"z":0.12731528282165528},"rotation":{"x":0.5984712839126587,"y":0.14255905151367188,"z":-0.10927577316761017,"w":0.7807490229606628},"size":2.4858970642089845,"orthographic":false}