{"cameraMode":{"drawMode":0,"name":"Shaded","section":"Shading Mode"},"sceneLighting":true,"audioPlay":false,"sceneViewState":{"showFog":true,"showMaterialUpdate":false,"showSkybox":true,"showFlares":true,"showImageEffects":true,"showParticleSystems":true},"in2DMode":false,"pivot":{"x":6.16165828704834,"y":5.9313554763793949,"z":-4.135106086730957},"rotation":{"x":0.7071094512939453,"y":0.12941236793994904,"z":-0.13416028022766114,"w":0.6821011900901794},"size":3.176647424697876,"orthographic":false}