{"cameraMode":{"drawMode":0,"name":"Shaded","section":"Shading Mode"},"sceneLighting":false,"audioPlay":false,"sceneViewState":{"showFog":true,"showMaterialUpdate":false,"showSkybox":false,"showFlares":true,"showImageEffects":true,"showParticleSystems":true},"in2DMode":false,"pivot":{"x":1.6002953052520753,"y":1.9800000190734864,"z":-6.019999980926514},"rotation":{"x":0.24136078357696534,"y":-0.7258565425872803,"z":0.5643842816352844,"w":0.3104080259799957},"size":10.0,"orthographic":false}