{"cameraMode":{"drawMode":0,"name":"Shaded","section":"Shading Mode"},"sceneLighting":false,"audioPlay":false,"sceneViewState":{"showFog":true,"showMaterialUpdate":false,"showSkybox":false,"showFlares":true,"showImageEffects":true,"showParticleSystems":true},"in2DMode":false,"pivot":{"x":0.8035846948623657,"y":-0.3036893606185913,"z":0.9055474996566773},"rotation":{"x":0.4425649344921112,"y":-0.3252335488796234,"z":0.1762012243270874,"w":0.8168933987617493},"size":1.3422768115997315,"orthographic":false}