{"cameraMode":{"drawMode":0,"name":"Shaded","section":"Shading Mode"},"sceneLighting":false,"audioPlay":false,"sceneViewState":{"showFog":true,"showMaterialUpdate":false,"showSkybox":false,"showFlares":true,"showImageEffects":true,"showParticleSystems":true},"in2DMode":false,"pivot":{"x":10.60470962524414,"y":4.140830993652344,"z":-3.456627368927002},"rotation":{"x":-0.001835544127970934,"y":0.9836342930793762,"z":-0.17990396916866303,"w":-0.010037091560661793},"size":2.7491776943206789,"orthographic":false}