{"cameraMode":{"drawMode":0,"name":"Shaded","section":"Shading Mode"},"sceneLighting":false,"audioPlay":false,"sceneViewState":{"showFog":true,"showMaterialUpdate":false,"showSkybox":false,"showFlares":true,"showImageEffects":true,"showParticleSystems":true},"in2DMode":false,"pivot":{"x":-9.919292449951172,"y":-1.1682686805725098,"z":-2.788792610168457},"rotation":{"x":-0.07783287763595581,"y":0.900445818901062,"z":-0.18065541982650758,"w":-0.3879479765892029},"size":9.156734466552735,"orthographic":false}