{"cameraMode":{"drawMode":0,"name":"Shaded","section":"Shading Mode"},"sceneLighting":false,"audioPlay":false,"sceneViewState":{"showFog":true,"showMaterialUpdate":false,"showSkybox":false,"showFlares":true,"showImageEffects":true,"showParticleSystems":true},"in2DMode":false,"pivot":{"x":-0.5299068093299866,"y":-0.09420537948608399,"z":0.5595782995223999},"rotation":{"x":0.09489921480417252,"y":-0.732812762260437,"z":0.6656349301338196,"w":0.10447090864181519},"size":2.7124998569488527,"orthographic":false}