{"cameraMode":{"drawMode":0,"name":"Shaded","section":"Shading Mode"},"sceneLighting":false,"audioPlay":false,"sceneViewState":{"showFog":true,"showMaterialUpdate":false,"showSkybox":false,"showFlares":true,"showImageEffects":true,"showParticleSystems":true},"in2DMode":false,"pivot":{"x":10.844497680664063,"y":-0.5142736434936523,"z":-4.5964813232421879},"rotation":{"x":0.260906457901001,"y":0.48313844203948977,"z":-0.1534309834241867,"w":0.821563184261322},"size":12.12435531616211,"orthographic":false}