{"cameraMode":{"drawMode":0,"name":"Shaded","section":"Shading Mode"},"sceneLighting":true,"audioPlay":false,"sceneViewState":{"showFog":true,"showMaterialUpdate":false,"showSkybox":true,"showFlares":true,"showImageEffects":true,"showParticleSystems":true},"in2DMode":false,"pivot":{"x":2.550859212875366,"y":2.8651070594787599,"z":-5.319227695465088},"rotation":{"x":-0.025729965418577195,"y":-0.9222428798675537,"z":0.380709171295166,"w":-0.06231703609228134},"size":2.1213202476501467,"orthographic":false}