{"cameraMode":{"drawMode":0,"name":"Shaded","section":"Shading Mode"},"sceneLighting":false,"audioPlay":false,"sceneViewState":{"showFog":true,"showMaterialUpdate":false,"showSkybox":false,"showFlares":true,"showImageEffects":true,"showParticleSystems":true},"in2DMode":false,"pivot":{"x":10.581999778747559,"y":1.0299999713897706,"z":-1.1119999885559083},"rotation":{"x":-0.19029702246189118,"y":-0.5174718499183655,"z":0.11924578994512558,"w":-0.8257308006286621},"size":0.7075485587120056,"orthographic":false}