{"cameraMode":{"drawMode":0,"name":"Shaded","section":"Shading Mode"},"sceneLighting":false,"audioPlay":false,"sceneViewState":{"showFog":true,"showMaterialUpdate":false,"showSkybox":false,"showFlares":true,"showImageEffects":true,"showParticleSystems":true},"in2DMode":false,"pivot":{"x":-8.94527530670166,"y":-4.190201759338379,"z":-0.7537789344787598},"rotation":{"x":-0.11224710196256638,"y":-0.7648496627807617,"z":0.6190091371536255,"w":-0.13869917392730714},"size":8.7098388671875,"orthographic":false}