{"cameraMode":{"drawMode":0,"name":"Shaded","section":"Shading Mode"},"sceneLighting":false,"audioPlay":false,"sceneViewState":{"showFog":true,"showMaterialUpdate":false,"showSkybox":false,"showFlares":true,"showImageEffects":true,"showParticleSystems":true},"in2DMode":false,"pivot":{"x":3.4586310386657717,"y":0.016035079956054689,"z":-4.3413472175598148},"rotation":{"x":0.45382431149482729,"y":0.527859628200531,"z":-0.4033666253089905,"w":0.5938889384269714},"size":10.229247093200684,"orthographic":false}